{"Tom Karzes": 5.6, "eisbehr": 10.8, "Abdelhak": 8.6, "leetwinski": 6.2, "Thomas Inzina": 6.5, "Margaret Bloom": 7.0, "Mulvya": 4.7, "beyowulf": 4.300000000000001, "Sotos": 8.100000000000001, "kukkuz": 8.9, "Matt Timmermans": 5.2, "georgeawg": 8.5, "mathguy": 6.4, "Tadhg McDonald-Jensen": 10.200000000000001, "JPG": 5.3, "dga": 10.3, "Lion": 5.800000000000001, "Ismail RBOUH": 6.800000000000001, "Aleksej": 11.100000000000001, "Muhammad Usman": 8.5}