{"Jeremy Kato": 4.5, "J.Jacobs-VP": 1.8, "jia hilegass": 1.6, "Ognj3n": 2.2, "Ziad Elkurjie": 1.0, "varun joshi": 2.1, "rajthakur": 2.7, "Jas": 1.7000000000000002, "Xavier J. Wong": 1.5, "Nanji Mange": 2.1, "Justin Origin Broadband": 2.4000000000000004, "ttdijkstra": 2.0, "Jo&#235;l Bonet Rodr&#237;guez": 2.5, "Jake": 2.2, "Jason Joslin": 1.8, "Aaron Janse": 2.0, "Jean-Luc Barat": 3.1, "Jinglei.Y": 2.4000000000000004, "Akinjide Bankole": 2.0, "Joseph Yourine": 2.0, "se0kjun": 2.1, "Jimmmy": 1.6, "Jaimesh": 4.6, "Jecky": 3.1, "Rizwan Jamal": 1.7000000000000002, "Jeff Arries": 4.7, "Josie Keller": 1.6, "Jason Gaare": 1.8, "jackiezhu": 2.0, "Junaid": 2.3, "Justin Lam": 0.9000000000000001, "John": 1.9000000000000001, "David Jonker": 3.0, "Jonathan Kelly": 1.0, "Ivan Milisavljevic": 2.0, "Jalal Kiswani": 1.4000000000000001, "Jennifer ": 1.6, "JonB": 2.1, "Jerome": 1.5, "Julien": 3.0, "JT4U": 2.2, "Josh Murray": 2.2, "Nimish Jain": 4.8, "Janno": 2.4000000000000004, "jmrk": 0.4, "4Jean": 2.9, "jonhid": 1.4000000000000001, "Jerry": 2.1, "j314erre": 2.3, "monstertjie_za": 2.0, "Milos Radosavljevic": 2.4000000000000004, "John E.": 2.1, "Jared Rolt": 1.2000000000000002, "Jedi": 2.9, "Sanjit Kumar Mishra": 3.2, "rojobo": 2.8000000000000003, "Jo.": 2.9, "Angga Ari Wijaya": 2.7, "Dewi Jones": 2.6, "vincentmajor": 2.3, "Dheerendra Jeevani": 3.2, "Er. Rakesh Prajapat": 2.8000000000000003, "jarauh": 2.5, "John Clifford": 1.8, "Jacob": 3.4000000000000004, "Benjamin": 2.8000000000000003, "Johnny V": 2.0, "Jeff Diederiks": 2.2, "Jochen": 1.7000000000000002, "Javierif": 2.8000000000000003, "Jiri P.": 1.9000000000000001, "Jerrybibo": 4.2, "JimmyJimm": 2.2, "J&#233;r&#232;m Le Blond": 2.8000000000000003, "Julian": 1.9000000000000001, "James McCormac": 2.3, "J Whitfield": 3.1, "Nikunj Rathod": 2.8000000000000003, "ljleppan": 3.6, "Marek Janoud": 1.7000000000000002, "JudgingNotJudging": 3.1, "Jur": 2.0, "jhhoff02": 2.8000000000000003, "Jim Driscoll": 1.0, "J.Oginga": 1.6, "Ajay": 2.4000000000000004, "James Tanner": 1.4000000000000001, "JNK": 2.6, "jefferson_amarals": 3.9000000000000004, "Marijke Vonk": 2.2, "Chajmz": 1.7000000000000002, "John Pangilinan": 3.5, "jsondwyer": 4.5, "Bhagyalaxmi Poojary": 2.4000000000000004, "jahnestacado": 1.3, "jaxx": 2.2, "S.Jain": 1.9000000000000001, "Alina Anjum": 3.1, "N.J.Dawson": 3.4000000000000004, "jimpaine": 1.9000000000000001}