{"Shintu Joseph": 2.8000000000000003, "Majora320": 5.8, "Juan Balmori": 1.5000000000000002, "Gautam Jha": 5.3, "Jernej K": 3.4000000000000004, "Charlie Joynt": 3.9, "ck_arjun": 2.4000000000000004, "Johannes Merz": 3.1, "java123999": 3.1, "J. Overmars": 2.1, "Fakhruddin Ujjainwala": 4.2, "Alfonso Gomez Jordana Manas": 2.7, "Suraj Sukale": 3.2, "Vishavjeet Singh": 2.6, "Marcel Jacques Machado": 3.4000000000000004, "Jamie Eltringham": 7.7, "jamieRowen": 2.0, "JohnWowUs": 2.2, "Dinesh Bhojvani": 3.7, "JasonWang": 1.5000000000000002, "Joe": 2.5, "Jin": 3.6, "Jetzler": 2.0, "Bjarne Stroustrup": 1.2000000000000002, "JMSilla": 2.8000000000000003, "jim": 2.1, "cjahangir": 3.8, "Ralph John Galindo": 2.1, "karastojko": 2.4, "Brijal Savaliya": 3.1, "John Sardinha": 4.9, "jcolemang": 3.1, "Pankaj Kumar": 2.2, "Jayden Gu": 2.2, "Saransh Kejriwal": 6.300000000000001, "Arjan": 4.5, "P.J.Radadiya": 2.6, "Renjith VR": 3.8, "Wojciech Kwiatek": 3.1, "jmelesky": 3.0, "Rajesh Yogeshwar": 2.9, "Simon Jackson": 1.9000000000000001, "Jezor": 4.6, "Jordi Flores": 1.4000000000000001, "J.Wang": 1.8, "JDemler": 3.7, "jkschin": 3.9, "Vishwesh Jainkuniya": 4.1, "Jefr&#233; N.": 4.0, "Dhananjaya Kuppu": 1.6, "JDS": 3.0000000000000004, "JJH": 1.0, "Jim Van Fleet": 2.5, "Surjeet Bhadauriya": 3.1, "Wojciech Kazior": 4.1, "James": 3.9, "John Scattergood": 2.6, "CodeJoy": 3.5000000000000004, "Sanjay Rawat": 3.0000000000000004, "Majid Abbasi": 2.7, "sanjeet kumar Singh": 2.6, "Jitendra Tiwari": 3.2, "Jean-S&#233;bastien P&#233;dron": 3.5, "Johan": 3.7, "Javant": 4.4, "jayms": 4.0, "Jois": 3.6, "Jeffalee": 3.6, "Dev. Joel": 3.1, "Jaiden Snow": 1.3, "jussius": 2.0, "John D": 2.3000000000000003, "jlarsch": 4.6, "jitendra varshney": 3.7, "Joe Witt": 1.5000000000000002, "Julian": 3.0, "Jatin Jha": 2.5, "Justin Tervay": 4.1000000000000005, "teejay": 2.2, "Ranjith": 3.1, "Jase": 3.6, "Jishnu V S": 7.9, "jotasi": 4.1, "JJ32": 3.7, "jrhee17": 2.7, "Juan Tomas": 2.5, "Jens Meder": 2.5, "jgreve": 1.2000000000000002, "Isetty Ravitejakumar": 5.0, "Jonny": 1.8, "Lucas Wojciechowski": 1.6, "Manuel Jacob": 2.3, "Julian Cardenas": 1.6, "Ben Jackson": 1.2000000000000002, "Joost Vunderink": 1.6, "Jagjit Singh": 2.0, "Joe C": 3.2, "Jack Zhai": 1.3, "Jinesh Francis": 5.6, "sanjay radadiya": 4.8}