{"jDo": 5.2, "JeD": 3.4000000000000004, "Johannes": 9.5, "jiaojg": 2.2, "Jainam": 2.7, "Rafa\u0142 J&#243;zefowicz": 3.4000000000000004, "Jonathan Magnan": 3.5, "Juan Cruz Soler": 9.7, "Jeff L.": 3.6, "Tadhg McDonald-Jensen": 10.200000000000001, "meJustAndrew": 10.0, "Sanjeev Saha": 3.3000000000000003, "jbndlr": 2.7, "Jack Kohn - AWS": 3.6000000000000005, "jdarthenay": 5.1000000000000005, "adjuremods": 4.3, "jadsq": 4.7, "Jigar Tarsariya": 5.2, "Tomasz Jakub Rup": 15.2, "jogo": 12.5, "Jay jargot": 2.7, "Jonathon Chase": 3.4000000000000004, "Jordan": 5.300000000000001, "Senjuti Mahapatra": 6.4, "Amit Rajput": 4.0, "rsjaffe": 9.8, "Jay Zuo - MSFT": 5.8, "dannyjolie": 3.9, "J Earls": 2.3, "John Burger": 5.800000000000001, "joe": 4.2, "Jean-Fran&#231;ois Fabre": 10.100000000000001, "Jahan": 7.000000000000001, "Neha Jain": 8.200000000000001, "jolmos": 4.300000000000001, "jhmt": 4.6, "jbrown": 4.2, "Adnan Isajbegovic": 4.0, "js441": 3.2, "Jakub Ro\u017cek": 1.6, "Julien Lopez": 6.4, "janki gadhiya": 10.0, "J_F": 7.300000000000001, "Jackie": 2.5, "AngJobs": 1.8000000000000003, "jdobres": 2.5, "jbafford": 7.699999999999999, "Javier Conde": 3.9, "Joseph Young": 4.300000000000001, "jkiiski": 7.1000000000000005, "Bojan B": 5.300000000000001, "Jesper Juhl": 11.5, "Jelastic": 2.3, "Jos&#233;": 3.1, "JPG": 5.3, "jns": 3.8000000000000003, "JP. Aulet": 4.300000000000001, "JYoThI": 3.8, "Aman Jain": 3.6, "Ashish Ranjan": 4.1, "Rajdeep Paul": 7.300000000000001, "Geoff James": 5.1000000000000005, "Jilson Thomas": 5.1, "Joe C": 5.2, "EJoshuaS": 7.2, "Jack Zeng": 3.1, "Jiri Fiala": 2.6, "MrJSingh": 5.4, "Marcin Mo\u017cejko": 6.4, "Martijn Welker": 5.1, "Joe Clay": 7.6, "Zamrony P. Juhara": 2.8000000000000003, "ujulu": 3.0, "Juan Ferreras": 3.0000000000000004, "jil": 2.1, "jeff carey": 4.4, "Jeff Bezanson": 5.1, "JRJ": 1.0, "Matt Jordan": 2.2, "J&#233;r&#233;mie B": 8.4, "J.J. Hakala": 11.0, "Justin Steele": 3.7, "Supun Wijerathne": 6.2, "Javier Mart&#237;n": 1.5000000000000002, "Vaibhav Bajaj": 6.300000000000001, "Rijul Sudhir": 3.5000000000000004, "James": 3.0000000000000004, "Zohaib Ijaz": 5.3, "Jai Kumar Rajput": 7.0, "Rajeev Singh": 6.0, "J. Chomel": 15.5, "Javier Buzzi": 3.6, "wajeeh": 4.6, "Tim Jasko": 3.2, "Jatin Patel": 1.6, "BJ Black": 3.0000000000000004, "julivico": 3.1, "Abhijeet": 4.9, "Stian Skjelstad": 3.7}