{"Mujammil Ahamed": 2.7, "Kjjassy": 4.9, "Jawad Khawaja": 2.0, "Aajan": 3.3, "jaxim": 2.1, "Jagrati": 2.2, "Jefferson Choi": 2.3, "Shrey Prajapati": 1.4000000000000001, "SUJEET JAISWAL": 2.0, "T Johnson": 2.8, "Ajinkya": 1.6, "Tosho Trajanov": 4.300000000000001, "J Brazier": 2.9, "joshiste": 1.3, "Jax Teller": 3.3, "Jin": 1.9000000000000001, "Jonas Meinerz": 2.0, "Abhijit Jagtap": 3.5, "Ujjwal kaushik": 3.5, "Elijan9": 4.2, "Jacob Goh": 2.3, "Nupur Jaiswal": 2.4000000000000004, "Pankaj Pandey": 1.6, "josemigallas": 4.7, "LJ.Wizard": 3.4, "Rushi Jadhav": 3.0, "JSapkota": 1.9000000000000001, "Jakub Bibro": 1.2000000000000002, "Joundill": 2.2, "Julian Kuchlbauer": 4.9, "Jonathan": 2.8, "Ajinkya Patil": 3.2, "Joshua Slate": 2.5, "Jonas": 4.7, "joc": 3.9, "Ahlem Jarrar": 5.700000000000001, "FredericJacobs": 2.0, "Derek Johnson": 1.6, "Alaa M. Jaddou": 3.9, "PJDev": 1.6, "csjdp": 3.7, "Mojtaba Safaeian": 2.3, "J&#233;r&#233;mie Chazelle": 5.1, "JanLeeYu": 3.2, "Karolis Kaj\u0117nas": 2.7, "Jecoms": 3.5, "James": 3.9, "Jakub Szumiato": 2.6, "Federico Jousset": 2.3, "Lars Arne Jordanger": 1.1, "Thijs D": 2.3, "waterjuice": 2.1, "Bert Jan Schrijver": 2.2, "Jozef Spisiak": 2.2, "danjuggler": 4.6, "Jan Nils Ferner": 3.4000000000000004, "NJBurgo": 1.6, "Jeremiah": 1.8000000000000003, "jblixr": 3.2, "Jack Evans": 3.8000000000000003, "Jonathan Bravetti": 5.300000000000001, "rajadilipkolli": 5.300000000000001, "Abhijeet Mallick": 3.0000000000000004, "Jean Doux": 2.4000000000000004, "LuvnJesus": 2.1, "Jay": 3.5, "Nagaraj Raveendran": 3.9, "Jason Butler": 2.6, "Josh S.": 1.6, "Pankaj Thakur": 5.3, "Ajith Pandian": 2.8000000000000003, "j_4321": 3.6, "norcal johnny": 1.8, "aarju mishra": 2.0, "jbarat": 3.1, "scottjustin5000": 1.3, "Jorge Hess": 1.8, "Jon Jagger": 1.8000000000000003, "John Paul": 2.5, "Deepanjan": 2.5, "Oskar Dajnowicz": 1.9000000000000001, "Justas": 3.4000000000000004, "ajrwhite": 2.7, "vijay nathji": 2.9, "jkpieterse": 1.7000000000000002, "j3ff": 2.7, "Jason Bourne": 4.2, "Nijeesh": 1.5000000000000002, "MikeJRamsey56": 3.8000000000000003, "Neelam Prajapati": 4.0, "tjohnson": 3.8000000000000003, "Jinx88909": 4.0, "Dimpre Jean-S&#233;bastien": 2.7, "Jamshed Alam": 2.9, "Jerome": 3.2, "Jaimish": 2.6, "Josh de Kock": 3.8000000000000003, "jophab": 5.9, "X.Jian": 6.300000000000001, "Josh K": 2.2}