{"stijn26": 3.0, "Marcos Jos&#233; P&#233;rez P&#233;rez": 2.3, "J. V. A.": 2.5, "Saeed Jahed": 1.5000000000000002, "Jonh Doe": 2.6, "Jannie Gerber": 3.8000000000000003, "java8.being": 2.5, "Jhonny007": 3.0, "Jacek B Budzynski": 2.1, "Juan Pablo": 1.8, "Sujan Shrestha": 2.3, "jonathana": 3.9000000000000004, "spencerwjensen": 1.2000000000000002, "BOTJr.": 5.2, "Majeed Siddiqui": 1.6, "jlokimlin": 1.7000000000000002, "M Balajivaishnav": 3.0, "Nikhil Jagtiani": 2.9, "Waruna Manjula": 3.1, "MutjayLee": 1.5000000000000002, "Jon Dechiro": 1.4, "Jeroen": 2.8000000000000003, "Rajesh Kumar": 3.3, "John": 3.8000000000000003, "Jean-Nicolas Moal": 1.4000000000000001, "Jees K Denny": 4.1000000000000005, "Kujira": 1.6, "Jek": 3.1, "Vijay D. Gupta": 1.0, "Jonathan Newton": 3.0, "Gijsberts": 4.5, "Mina Jacob": 2.7, "JCKaz": 3.6, "JynXXedRabbitFoot": 1.8, "Benjamin Kadish": 2.9, "bjskistad": 4.5, "Janshair Khan": 3.4000000000000004, "Arjun Hegde": 2.4000000000000004, "Hardipsinh Jadeja": 3.1, "Jiri Danek": 2.5, "jonzee": 1.6, "Monojit Sarkar": 2.7, "Jerry": 1.5000000000000002, "Anuj Khandelwal": 2.5, "jmona789": 3.3, "Jeyamahesan": 2.0, "Bruno Joaquim": 1.6, "Saurabh Jain": 2.0, "Rajesh Ranjan": 1.2000000000000002, "Jorge": 1.1, "Jesse Amano": 1.6, "jamiedanq": 1.6, "Wei Jay": 3.2, "Borja Tur": 3.3000000000000003, "dulaj sanjaya": 3.1, "Jerry Li": 1.5000000000000002, "jam": 2.8000000000000003, "S. Rojak": 1.2000000000000002, "JavK": 1.8, "j4hangir": 1.7000000000000002, "dzjustinli3": 1.6, "Alejandro Go&#241;i": 3.0, "j.kaspar": 4.4, "Dhananjay": 1.0, "AJoe16": 2.3, "Jay": 3.0, "Rajput": 3.0, "Benjamin Wulfe": 1.3, "Jos&#233; Mercado": 1.2000000000000002, "sajad": 2.1, "NinjaDeveloper": 4.9, "John Kouraklis": 1.6, "Vedran Jukic": 1.9000000000000001, "J. Dow": 2.2, "Jose Ignacio Acin Pozo": 1.4000000000000001, "Pankaj Daga": 2.0, "Joopkins": 2.2, "Hanjo Jo&#39;burg Odendaal": 3.2, "Jacob Panikulam": 2.3000000000000003, "Jonah B": 1.7000000000000002, "Joan Esteban": 1.4000000000000001, "Pankaj Kaundal": 3.3, "Jair Perrut": 2.1, "Jurgen": 0.8, "Justin MacArthur": 1.4000000000000001, "Jonah Haney": 2.3, "Raj Kumar Bhardwaj": 1.8, "Jigal van Hemert": 1.2000000000000002, "JDro04": 3.9, "James": 1.8, "Jeremy Kahan": 1.6, "jbsu32": 5.0, "Kinjal Gohil": 2.1, "jsanchezs": 3.1, "Javid Ahadov": 1.5000000000000002, "Dimitri Merejkowsky": 1.6, "Swakeert Jain": 2.0, "srijanshukla": 4.1, "David Jay Brady": 2.0, "JBartus": 1.8}